I,I_sample,N,n,eps,error,lmbd,phi,Rough,Full Brute
806.1432540720372,371.2890213323893,1000,100,0,55.38471279859384,0.8,0.7853981633974483,False,True
812.0718611739728,381.55180290771324,1000,100,0,57.98132878395394,0.8,0.7853981633974483,False,False
