I,N,n,error,lmbd,phi,Strategy,Measuring system
59.012107391421175,10000,5,1.0796871983961014,0.8,0.7853981633974483,adapt,True
134.37740662535649,10000,10,2.4922552214911065,0.8,0.7853981633974483,adapt,True
277.0259185510747,10000,20,4.70051511763719,0.8,0.7853981633974483,adapt,True
431.03284290467076,15000,30,5.783384990446345,0.8,0.7853981633974483,adapt,True
555.9923719789675,20000,40,6.081939903936098,0.8,0.7853981633974483,adapt,True
697.6765179969444,20000,50,7.798866308590751,0.8,0.7853981633974483,adapt,True
1477.9040413081261,10000,100,21.51707150994798,0.8,0.7853981633974483,adapt,True
2865.8209351581722,10000,200,41.35849613647062,0.8,0.7853981633974483,adapt,False
4379.395319793903,10000,300,0,0.8,0.7853981633974483,adapt,True
