n,lambda,phi,absorber offset,1,11,111,1111
100000,0.8,0.7853981633974483,0.02,1.7887490881299703e+43,7.34343697133373e+42,2.6822913009591773e+42,8.609310928722556e+41
