n,lambda,phi,absorber offset,1,11,111,1111
500000,0.8,0.7853981633974483,0.02,8.943745440649852e+43,3.671718485666865e+43,1.3411456504795886e+43,4.304655464361278e+42
